{
  "destinations": [
    "Afghanistan",
    "Albania",
    "Algeria",
    "American Samoa",
    "Andorra",
    "Angola",
    "Anguilla",
    "Antarctica",
    "Antigua and Barbuda",
    "Argentina",
    "Armenia",
    "Aruba",
    "Ascension Island",
    "Australia",
    "Austria",
    "Azerbaijan",
    "Bahamas",
    "Bahrain",
    "Bangladesh",
    "Barbados",
    "Belarus",
    "Belgium",
    "Belize",
    "Bermuda",
    "Bhutan",
    "Bolivia",
    "Bosnia and Herzegovina",
    "Botswana",
    "Brazil",
    "British Virgin Islands",
    "Brunei",
    "Bulgaria",
    "Burkina Faso",
    "Burundi",
    "Cambodia",
    "Cameroon",
    "Canada",
    "Cayman Islands",
    "Central African Republic",
    "Chad",
    "Chile",
    "China",
    "Colombia",
    "Comoros",
    "Cook Islands",
    "Costa Rica",
    "Croatia",
    "Cuba",
    "Curaçao",
    "Cyprus",
    "Czech Republic",
    "DR Congo",
    "Denmark",
    "Djibouti",
    "Dominica",
    "Dominican Republic",
    "Ecuador",
    "Egypt",
    "El Salvador",
    "Equatorial Guinea",
    "Eritrea",
    "Estonia",
    "Ethiopia",
    "Falkland Islands",
    "Faroe Islands",
    "Fiji",
    "Finland",
    "France",
    "French Guiana",
    "French Polynesia",
    "Gabon",
    "Georgia",
    "Germany",
    "Ghana",
    "Gibraltar",
    "Greece",
    "Greenland",
    "Grenada",
    "Guadeloupe",
    "Guam",
    "Guatemala",
    "Guernsey",
    "Guyana",
    "Haiti",
    "Honduras",
    "Hungary",
    "Iceland",
    "India",
    "Indonesia",
    "Iran",
    "Iraq",
    "Ireland",
    "Isle of Man",
    "Israel",
    "Italy",
    "Jamaica",
    "Japan",
    "Jersey",
    "Jordan",
    "Kazakhstan",
    "Kenya",
    "Kiribati",
    "Kosovo",
    "Kuwait",
    "Kyrgyzstan",
    "Laos",
    "Latvia",
    "Lebanon",
    "Libya",
    "Liechtenstein",
    "Lithuania",
    "Luxembourg",
    "Madagascar",
    "Malawi",
    "Malaysia",
    "Maldives",
    "Mali",
    "Malta",
    "Marshall Islands",
    "Martinique",
    "Mauritania",
    "Mauritius",
    "Mexico",
    "Micronesia",
    "Moldova",
    "Monaco",
    "Mongolia",
    "Montenegro",
    "Montserrat",
    "Morocco",
    "Mozambique",
    "Multiple",
    "Myanmar",
    "Namibia",
    "Nauru",
    "Nepal",
    "Netherlands",
    "New Caledonia",
    "New Zealand",
    "Nicaragua",
    "Niger",
    "Nigeria",
    "Niue",
    "North Korea",
    "North Macedonia",
    "Northern Mariana Islands",
    "Norway",
    "Oman",
    "Pakistan",
    "Palau",
    "Panama",
    "Papua New Guinea",
    "Paraguay",
    "Peru",
    "Philippines",
    "Pitcairn Islands",
    "Poland",
    "Portugal",
    "Puerto Rico",
    "Qatar",
    "Republic of the Congo",
    "Réunion",
    "Romania",
    "Russia",
    "Rwanda",
    "Saint Helena",
    "Saint Kitts and Nevis",
    "Saint Lucia",
    "Saint Martin",
    "Saint Vincent and the Grenadines",
    "Samoa",
    "San Marino",
    "São Tomé and Príncipe",
    "Saudi Arabia",
    "Senegal",
    "Serbia",
    "Seychelles",
    "Singapore",
    "Slovakia",
    "Slovenia",
    "Solomon Islands",
    "South Africa",
    "South Georgia",
    "South Korea",
    "Spain",
    "Sri Lanka",
    "Sudan",
    "Suriname",
    "Svalbard",
    "Sweden",
    "Switzerland",
    "Syria",
    "Taiwan",
    "Tajikistan",
    "Tanzania",
    "Thailand",
    "Tibet",
    "Timor-Leste",
    "Tokelau",
    "Tonga",
    "Trinidad and Tobago",
    "Tristan da Cunha",
    "Tunisia",
    "Turkey",
    "Turkmenistan",
    "Turks and Caicos Islands",
    "Tuvalu",
    "UAE",
    "USA",
    "U.S. Virgin Islands",
    "Uganda",
    "Ukraine",
    "United Kingdom",
    "Uruguay",
    "Uzbekistan",
    "Vanuatu",
    "Vatican City",
    "Venezuela",
    "Vietnam",
    "Wallis and Futuna",
    "Yemen",
    "Zambia",
    "Zambia/Zimbabwe",
    "Zimbabwe",
    "Kabul, Afghanistan",
    "Tirana, Albania",
    "Algiers, Algeria",
    "Pago Pago, American Samoa",
    "Andorra la Vella, Andorra",
    "Luanda, Angola",
    "The Valley, Anguilla",
    "Antarctica, Antarctica",
    "St. John's, Antigua and Barbuda",
    "Bariloche, Argentina",
    "Buenos Aires, Argentina",
    "El Calafate, Argentina",
    "Iguazu Falls, Brazil/Argentina",
    "Mendoza, Argentina",
    "Patagonia, Argentina/Chile",
    "Ushuaia, Argentina",
    "Yerevan, Armenia",
    "Oranjestad, Aruba",
    "Georgetown, Ascension Island",
    "Adelaide, Australia",
    "Ayers Rock, Australia",
    "Blue Mountains, Australia",
    "Brisbane, Australia",
    "Cairns, Australia",
    "Daintree Rainforest, Australia",
    "Darwin, Australia",
    "Fraser Island, Australia",
    "Gold Coast, Australia",
    "Great Barrier Reef, Australia",
    "Hobart, Australia",
    "Kakadu National Park, Australia",
    "Kangaroo Island, Australia",
    "Lord Howe Island, Australia",
    "Melbourne, Australia",
    "Norfolk Island, Australia",
    "Perth, Australia",
    "Sydney, Australia",
    "The Kimberley, Australia",
    "The Whitsundays, Australia",
    "Uluru, Australia",
    "Graz, Austria",
    "Hallstatt, Austria",
    "Innsbruck, Austria",
    "Salzburg, Austria",
    "Vienna, Austria",
    "Baku, Azerbaijan",
    "Nassau, Bahamas",
    "Manama, Bahrain",
    "Dhaka, Bangladesh",
    "Bridgetown, Barbados",
    "Minsk, Belarus",
    "Antwerp, Belgium",
    "Bruges, Belgium",
    "Brussels, Belgium",
    "Ghent, Belgium",
    "Ambergris Caye, Belize",
    "Belize City, Belize",
    "San Ignacio, Belize",
    "Hamilton, Bermuda",
    "St. George's, Bermuda",
    "Thimphu, Bhutan",
    "La Paz, Bolivia",
    "Salar de Uyuni, Bolivia",
    "Santa Cruz, Bolivia",
    "Sucre, Bolivia",
    "Mostar, Bosnia and Herzegovina",
    "Sarajevo, Bosnia and Herzegovina",
    "Chobe National Park, Botswana",
    "Gaborone, Botswana",
    "Okavango Delta, Botswana",
    "Brasília, Brazil",
    "Fernando de Noronha, Brazil",
    "Fortaleza, Brazil",
    "Ilha Grande, Brazil",
    "Iguazu Falls, Brazil/Argentina",
    "Manaus, Brazil",
    "Recife, Brazil",
    "Rio de Janeiro, Brazil",
    "Salvador, Brazil",
    "São Paulo, Brazil",
    "Road Town, British Virgin Islands",
    "Bandar Seri Begawan, Brunei",
    "Plovdiv, Bulgaria",
    "Sofia, Bulgaria",
    "Ouagadougou, Burkina Faso",
    "Bujumbura, Burundi",
    "Bagan, Myanmar",
    "Mergui Archipelago, Myanmar",
    "Yangon, Myanmar",
    "Bagan, Cambodia",
    "Koh Rong, Cambodia",
    "Phnom Penh, Cambodia",
    "Siem Reap, Cambodia",
    "Sihanoukville, Cambodia",
    "Yaoundé, Cameroon",
    "Banff National Park, Canada",
    "Calgary, Canada",
    "Cape Breton Island, Canada",
    "Churchill, Canada",
    "Edmonton, Canada",
    "Fogo Island, Canada",
    "Gaspé Peninsula, Canada",
    "Halifax, Canada",
    "Jasper National Park, Canada",
    "Magdalen Islands, Canada",
    "Montreal, Canada",
    "Niagara Falls, Canada/USA",
    "Ottawa, Canada",
    "Prince Edward Island, Canada",
    "Quebec City, Canada",
    "St. John's, Canada",
    "Tofino, Canada",
    "Toronto, Canada",
    "Vancouver, Canada",
    "Victoria, Canada",
    "Whistler, Canada",
    "Winnipeg, Canada",
    "George Town, Cayman Islands",
    "Bangui, Central African Republic",
    "N'Djamena, Chad",
    "Atacama Desert, Chile",
    "Chiloé Island, Chile",
    "Easter Island, Chile",
    "Patagonia, Argentina/Chile",
    "Santiago, Chile",
    "Torres del Paine, Chile",
    "Beijing, China",
    "Chengdu, China",
    "Chongqing, China",
    "Dalian, China",
    "Guangzhou, China",
    "Guilin, China",
    "Hainan, China",
    "Hangzhou, China",
    "Harbin, China",
    "Hong Kong, China",
    "Lijiang, China",
    "Macau, China",
    "Nanjing, China",
    "Qingdao, China",
    "Shanghai, China",
    "Shenzhen, China",
    "Suzhou, China",
    "Tianjin, China",
    "Wuhan, China",
    "Xi'an, China",
    "Zhangjiajie, China",
    "Bogotá, Colombia",
    "Cartagena, Colombia",
    "Medellín, Colombia",
    "Rosario Islands, Colombia",
    "San Andrés, Colombia",
    "Moroni, Comoros",
    "Brazzaville, Republic of the Congo",
    "Aitutaki, Cook Islands",
    "Avarua, Cook Islands",
    "Rarotonga, Cook Islands",
    "La Fortuna, Costa Rica",
    "Manuel Antonio, Costa Rica",
    "Monteverde, Costa Rica",
    "San José, Costa Rica",
    "Abidjan, Côte d'Ivoire",
    "Dalmatian Islands, Croatia",
    "Dubrovnik, Croatia",
    "Hvar, Croatia",
    "Plitvice Lakes, Croatia",
    "Split, Croatia",
    "Zadar, Croatia",
    "Zagreb, Croatia",
    "Havana, Cuba",
    "Trinidad, Cuba",
    "Varadero, Cuba",
    "Willemstad, Curaçao",
    "Larnaca, Cyprus",
    "Nicosia, Cyprus",
    "Paphos, Cyprus",
    "Prague, Czech Republic",
    "Kinshasa, DR Congo",
    "Virunga National Park, DR Congo",
    "Aarhus, Denmark",
    "Bornholm, Denmark",
    "Copenhagen, Denmark",
    "Faroe Islands, Denmark",
    "Greenland, Denmark",
    "Djibouti, Djibouti",
    "Roseau, Dominica",
    "Punta Cana, Dominican Republic",
    "Santo Domingo, Dominican Republic",
    "Baños, Ecuador",
    "Galápagos Islands, Ecuador",
    "Guayaquil, Ecuador",
    "Quito, Ecuador",
    "Santa Cruz, Galápagos",
    "Abu Simbel, Egypt",
    "Aswan, Egypt",
    "Cairo, Egypt",
    "Giza, Egypt",
    "Luxor, Egypt",
    "Siwa Oasis, Egypt",
    "White Desert, Egypt",
    "San Salvador, El Salvador",
    "Bioko, Equatorial Guinea",
    "Asmara, Eritrea",
    "Saaremaa, Estonia",
    "Tallinn, Estonia",
    "Addis Ababa, Ethiopia",
    "Axum, Ethiopia",
    "Gondar, Ethiopia",
    "Harar, Ethiopia",
    "Lalibela, Ethiopia",
    "Omo Valley, Ethiopia",
    "Simien Mountains, Ethiopia",
    "Stanley, Falkland Islands",
    "Tórshavn, Faroe Islands",
    "Fiji, Fiji",
    "Suva, Fiji",
    "Åland Islands, Finland",
    "Helsinki, Finland",
    "Rovaniemi, Finland",
    "Bordeaux, France",
    "Bora Bora, French Polynesia",
    "Corsica, France",
    "Lyon, France",
    "Marigot, Saint Martin",
    "Marseille, France",
    "Monaco, Monaco",
    "Nice, France",
    "Papeete, French Polynesia",
    "Paris, France",
    "Saint Barthélemy, France",
    "Strasbourg, France",
    "Tahiti, French Polynesia",
    "Cayenne, French Guiana",
    "Libreville, Gabon",
    "Tbilisi, Georgia",
    "Berchtesgaden, Germany",
    "Berlin, Germany",
    "Cologne, Germany",
    "Düsseldorf, Germany",
    "Frankfurt, Germany",
    "Hamburg, Germany",
    "Munich, Germany",
    "Stuttgart, Germany",
    "Sylt, Germany",
    "Accra, Ghana",
    "Volta Region, Ghana",
    "Gibraltar, Gibraltar",
    "Athens, Greece",
    "Corfu, Greece",
    "Crete, Greece",
    "Cyclades, Greece",
    "Dodecanese, Greece",
    "Ionian Islands, Greece",
    "Mykonos, Greece",
    "Rhodes, Greece",
    "Santorini, Greece",
    "Saronic Islands, Greece",
    "Sporades, Greece",
    "Thessaloniki, Greece",
    "Zakynthos, Greece",
    "Nuuk, Greenland",
    "St. George's, Grenada",
    "Basse-Terre, Guadeloupe",
    "Hagåtña, Guam",
    "Antigua, Guatemala",
    "Guatemala City, Guatemala",
    "Tikal, Guatemala",
    "Saint Peter Port, Guernsey",
    "Georgetown, Guyana",
    "Port-au-Prince, Haiti",
    "Roatán, Honduras",
    "Tegucigalpa, Honduras",
    "Budapest, Hungary",
    "Blue Lagoon, Iceland",
    "Golden Circle, Iceland",
    "Jökulsárlón, Iceland",
    "Mývatn, Iceland",
    "Reykjavik, Iceland",
    "Agra, India",
    "Amritsar, India",
    "Andaman and Nicobar Islands, India",
    "Bangalore, India",
    "Chennai, India",
    "Darjeeling, India",
    "Goa, India",
    "Hyderabad, India",
    "Jaipur, India",
    "Jodhpur, India",
    "Kolkata, India",
    "Lakshadweep, India",
    "Mumbai, India",
    "New Delhi, India",
    "Shimla, India",
    "Udaipur, India",
    "Varanasi, India",
    "Bali, Indonesia",
    "Bandung, Indonesia",
    "Bunaken, Indonesia",
    "Derawan Islands, Indonesia",
    "Gili Islands, Indonesia",
    "Jakarta, Indonesia",
    "Komodo Island, Indonesia",
    "Lake Toba, Indonesia",
    "Lombok, Indonesia",
    "Mount Bromo, Indonesia",
    "Raja Ampat, Indonesia",
    "Surabaya, Indonesia",
    "Togean Islands, Indonesia",
    "Wakatobi, Indonesia",
    "Yogyakarta, Indonesia",
    "Isfahan, Iran",
    "Persepolis, Iran",
    "Shiraz, Iran",
    "Tehran, Iran",
    "Yazd, Iran",
    "Baghdad, Iraq",
    "Erbil, Iraq",
    "Aran Islands, Ireland",
    "Cork, Ireland",
    "Dublin, Ireland",
    "Galway, Ireland",
    "Douglas, Isle of Man",
    "Dead Sea, Jordan/Israel",
    "Jerusalem, Israel",
    "Tel Aviv, Israel",
    "Amalfi Coast, Italy",
    "Aeolian Islands, Italy",
    "Bologna, Italy",
    "Cinque Terre, Italy",
    "Elba, Italy",
    "Florence, Italy",
    "Isle of Capri, Italy",
    "Milan, Italy",
    "Naples, Italy",
    "Pisa, Italy",
    "Rome, Italy",
    "Sardinia, Italy",
    "Sicily, Italy",
    "Siena, Italy",
    "Turin, Italy",
    "Venice, Italy",
    "Verona, Italy",
    "Kingston, Jamaica",
    "Montego Bay, Jamaica",
    "Chiba, Japan",
    "Fukuoka, Japan",
    "Hiroshima, Japan",
    "Kawasaki, Japan",
    "Kerama Islands, Japan",
    "Kitakyushu, Japan",
    "Kobe, Japan",
    "Kyoto, Japan",
    "Nagoya, Japan",
    "Nara, Japan",
    "Ogasawara Islands, Japan",
    "Okinawa, Japan",
    "Osaka, Japan",
    "Saitama, Japan",
    "Sapporo, Japan",
    "Sendai, Japan",
    "Tokyo, Japan",
    "Yaeyama Islands, Japan",
    "Yokohama, Japan",
    "Saint Helier, Jersey",
    "Amman, Jordan",
    "Dead Sea, Jordan/Israel",
    "Petra, Jordan",
    "Wadi Rum, Jordan",
    "Almaty, Kazakhstan",
    "Astana, Kazakhstan",
    "Lamu, Kenya",
    "Masai Mara, Kenya",
    "Nairobi, Kenya",
    "Tarawa, Kiribati",
    "Pristina, Kosovo",
    "Kuwait City, Kuwait",
    "Bishkek, Kyrgyzstan",
    "Lake Issyk-Kul, Kyrgyzstan",
    "Luang Prabang, Laos",
    "Vientiane, Laos",
    "Riga, Latvia",
    "Baalbek, Lebanon",
    "Beirut, Lebanon",
    "Byblos, Lebanon",
    "Tripoli, Libya",
    "Vaduz, Liechtenstein",
    "Vilnius, Lithuania",
    "Luxembourg City, Luxembourg",
    "Antananarivo, Madagascar",
    "Île Sainte-Marie, Madagascar",
    "Nosy Be, Madagascar",
    "Lilongwe, Malawi",
    "Cameron Highlands, Malaysia",
    "Ipoh, Malaysia",
    "Johor Bahru, Malaysia",
    "Kota Kinabalu, Malaysia",
    "Kuala Lumpur, Malaysia",
    "Kuching, Malaysia",
    "Langkawi, Malaysia",
    "Malacca, Malaysia",
    "Penang, Malaysia",
    "Perhentian Islands, Malaysia",
    "Sipadan, Malaysia",
    "Tioman Island, Malaysia",
    "Malé, Maldives",
    "Male, Maldives",
    "Bamako, Mali",
    "Djenné, Mali",
    "Dogon Country, Mali",
    "Timbuktu, Mali",
    "Gozo, Malta",
    "Valletta, Malta",
    "Majuro, Marshall Islands",
    "Fort-de-France, Martinique",
    "Nouakchott, Mauritania",
    "Port Louis, Mauritius",
    "Cabo San Lucas, Mexico",
    "Cancun, Mexico",
    "Chichen Itza, Mexico",
    "Cozumel, Mexico",
    "Guanajuato, Mexico",
    "Holbox Island, Mexico",
    "Isla Mujeres, Mexico",
    "Mérida, Mexico",
    "Mexico City, Mexico",
    "Oaxaca, Mexico",
    "Playa del Carmen, Mexico",
    "Puerto Vallarta, Mexico",
    "San Miguel de Allende, Mexico",
    "Tulum, Mexico",
    "Palikir, Micronesia",
    "Chisinau, Moldova",
    "Gobi Desert, Mongolia",
    "Terelj National Park, Mongolia",
    "Ulaanbaatar, Mongolia",
    "Kotor, Montenegro",
    "Podgorica, Montenegro",
    "Plymouth, Montserrat",
    "Casablanca, Morocco",
    "Fes, Morocco",
    "Marrakech, Morocco",
    "Rabat, Morocco",
    "Bazaruto Archipelago, Mozambique",
    "Maputo, Mozambique",
    "Quirimbas Archipelago, Mozambique",
    "Etosha National Park, Namibia",
    "Fish River Canyon, Namibia",
    "Sossusvlei, Namibia",
    "Windhoek, Namibia",
    "Nauru, Nauru",
    "Chitwan National Park, Nepal",
    "Kathmandu, Nepal",
    "Pokhara, Nepal",
    "Amsterdam, Netherlands",
    "Frisian Islands, Netherlands",
    "Rotterdam, Netherlands",
    "Texel, Netherlands",
    "The Hague, Netherlands",
    "Nouméa, New Caledonia",
    "Abel Tasman National Park, New Zealand",
    "Auckland, New Zealand",
    "Bay of Islands, New Zealand",
    "Christchurch, New Zealand",
    "Franz Josef Glacier, New Zealand",
    "Lake Tekapo, New Zealand",
    "Milford Sound, New Zealand",
    "Queenstown, New Zealand",
    "Rotorua, New Zealand",
    "Wellington, New Zealand",
    "Corn Islands, Nicaragua",
    "Granada, Nicaragua",
    "Managua, Nicaragua",
    "Niamey, Niger",
    "Lagos, Nigeria",
    "Alofi, Niue",
    "Pyongyang, North Korea",
    "Ohrid, North Macedonia",
    "Skopje, North Macedonia",
    "Saipan, Northern Mariana Islands",
    "Bergen, Norway",
    "Lofoten Islands, Norway",
    "Northern Lights, Multiple",
    "Oslo, Norway",
    "Svalbard, Norway",
    "Tromsø, Norway",
    "Tromso, Norway",
    "Muscat, Oman",
    "Islamabad, Pakistan",
    "Karachi, Pakistan",
    "Lahore, Pakistan",
    "Koror, Palau",
    "Bocas del Toro, Panama",
    "Panama City, Panama",
    "San Blas Islands, Panama",
    "Port Moresby, Papua New Guinea",
    "Asunción, Paraguay",
    "Arequipa, Peru",
    "Cusco, Peru",
    "Lima, Peru",
    "Machu Picchu, Peru",
    "Máncora, Peru",
    "Banaue, Philippines",
    "Boracay, Philippines",
    "Cebu, Philippines",
    "Coron, Philippines",
    "El Nido, Philippines",
    "Manila, Philippines",
    "Palawan, Philippines",
    "Siargao, Philippines",
    "Surigao City, Philippines",
    "Vigan, Philippines",
    "Adamstown, Pitcairn Islands",
    "Gdansk, Poland",
    "Krakow, Poland",
    "Warsaw, Poland",
    "Wrocław, Poland",
    "Algarve, Portugal",
    "Azores, Portugal",
    "Funchal, Portugal",
    "Lisbon, Portugal",
    "Madeira, Portugal",
    "Ponta Delgada, Azores",
    "Portimão, Portugal",
    "Porto, Portugal",
    "Sintra, Portugal",
    "San Juan, Puerto Rico",
    "Doha, Qatar",
    "Saint-Denis, Réunion",
    "Brasov, Romania",
    "Bucharest, Romania",
    "Irkutsk, Russia",
    "Kamchatka Peninsula, Russia",
    "Kazan, Russia",
    "Lake Baikal, Russia",
    "Moscow, Russia",
    "Murmansk, Russia",
    "Nizhny Novgorod, Russia",
    "Novosibirsk, Russia",
    "Samara, Russia",
    "Sochi, Russia",
    "St. Petersburg, Russia",
    "Trans-Siberian Railway, Russia",
    "Ulan-Ude, Russia",
    "Vladivostok, Russia",
    "Volgograd, Russia",
    "Yekaterinburg, Russia",
    "Kigali, Rwanda",
    "Apia, Samoa",
    "Savai'i, Samoa",
    "San Marino, San Marino",
    "Príncipe, São Tomé and Príncipe",
    "Jeddah, Saudi Arabia",
    "Mecca, Saudi Arabia",
    "Medina, Saudi Arabia",
    "Riyadh, Saudi Arabia",
    "Dakar, Senegal",
    "Gorée Island, Senegal",
    "Belgrade, Serbia",
    "Victoria, Seychelles",
    "Belgrade, Serbia",
    "Singapore, Singapore",
    "Bratislava, Slovakia",
    "Bled, Slovenia",
    "Ljubljana, Slovenia",
    "Guadalcanal, Solomon Islands",
    "Honiara, Solomon Islands",
    "Cape Town, South Africa",
    "Cape Winelands, South Africa",
    "Drakensberg, South Africa",
    "Garden Route, South Africa",
    "Johannesburg, South Africa",
    "Kruger National Park, South Africa",
    "Robben Island, South Africa",
    "Grytviken, South Georgia",
    "Busan, South Korea",
    "Daegu, South Korea",
    "Daejeon, South Korea",
    "Gwangju, South Korea",
    "Incheon, South Korea",
    "Jeju, South Korea",
    "Jeju Island, South Korea",
    "Seoul, South Korea",
    "Ulsan, South Korea",
    "Balearic Islands, Spain",
    "Barcelona, Spain",
    "Bilbao, Spain",
    "Canary Islands, Spain",
    "Fuerteventura, Spain",
    "Gran Canaria, Spain",
    "Granada, Spain",
    "Ibiza, Spain",
    "Lanzarote, Spain",
    "Madrid, Spain",
    "Majorca, Spain",
    "Málaga, Spain",
    "Palma de Mallorca, Spain",
    "Seville, Spain",
    "Tenerife, Spain",
    "Valencia, Spain",
    "Zaragoza, Spain",
    "Anuradhapura, Sri Lanka",
    "Colombo, Sri Lanka",
    "Galle, Sri Lanka",
    "Kandy, Sri Lanka",
    "Jamestown, Saint Helena",
    "Basseterre, Saint Kitts and Nevis",
    "Castries, Saint Lucia",
    "Kingstown, Saint Vincent and the Grenadines",
    "Khartoum, Sudan",
    "Paramaribo, Suriname",
    "Longyearbyen, Svalbard",
    "Gothenburg, Sweden",
    "Gotland, Sweden",
    "Malmö, Sweden",
    "Stockholm, Sweden",
    "Bern, Switzerland",
    "Geneva, Switzerland",
    "Interlaken, Switzerland",
    "Lucerne, Switzerland",
    "Zermatt, Switzerland",
    "Zurich, Switzerland",
    "Aleppo, Syria",
    "Damascus, Syria",
    "Palmyra, Syria",
    "Kaohsiung, Taiwan",
    "Taichung, Taiwan",
    "Tainan, Taiwan",
    "Taipei, Taiwan",
    "Dushanbe, Tajikistan",
    "Pamir Highway, Tajikistan",
    "Dar es Salaam, Tanzania",
    "Mafia Island, Tanzania",
    "Mount Kilimanjaro, Tanzania",
    "Ngorongoro Crater, Tanzania",
    "Pemba Island, Tanzania",
    "Serengeti, Tanzania",
    "Zanzibar, Tanzania",
    "Ayutthaya, Thailand",
    "Bangkok, Thailand",
    "Chiang Mai, Thailand",
    "Chiang Rai, Thailand",
    "Koh Samui, Thailand",
    "Krabi, Thailand",
    "Pattaya, Thailand",
    "Phuket, Thailand",
    "Similan Islands, Thailand",
    "Lhasa, Tibet",
    "Dili, Timor-Leste",
    "Fakaofo, Tokelau",
    "Ha'apai, Tonga",
    "Nuku'alofa, Tonga",
    "Vava'u, Tonga",
    "Port of Spain, Trinidad and Tobago",
    "Edinburgh of the Seven Seas, Tristan da Cunha",
    "Tunis, Tunisia",
    "Antalya, Turkey",
    "Bodrum, Turkey",
    "Cappadocia, Turkey",
    "Istanbul, Turkey",
    "İzmir, Turkey",
    "Ashgabat, Turkmenistan",
    "Cockburn Town, Turks and Caicos Islands",
    "Funafuti, Tuvalu",
    "Abu Dhabi, UAE",
    "Dubai, UAE",
    "Bwindi Impenetrable Forest, Uganda",
    "Kampala, Uganda",
    "Murchison Falls, Uganda",
    "Queen Elizabeth National Park, Uganda",
    "Kiev, Ukraine",
    "Lviv, Ukraine",
    "Belfast, United Kingdom",
    "Bristol, United Kingdom",
    "Cardiff, United Kingdom",
    "Channel Islands, United Kingdom",
    "Edinburgh, United Kingdom",
    "Glasgow, United Kingdom",
    "Hebrides, United Kingdom",
    "Isle of Skye, United Kingdom",
    "Isle of Wight, United Kingdom",
    "Liverpool, United Kingdom",
    "London, United Kingdom",
    "Manchester, United Kingdom",
    "Orkney Islands, United Kingdom",
    "Shetland Islands, United Kingdom",
    "Anchorage, USA",
    "Arches National Park, USA",
    "Aspen, USA",
    "Atlanta, USA",
    "Austin, USA",
    "Big Sur, USA",
    "Boston, USA",
    "Bryce Canyon National Park, USA",
    "Charleston, USA",
    "Chicago, USA",
    "Dallas, USA",
    "Death Valley National Park, USA",
    "Denali National Park, USA",
    "Denver, USA",
    "Detroit, USA",
    "Everglades National Park, USA",
    "Fairbanks, USA",
    "Glacier National Park, USA",
    "Grand Canyon, USA",
    "Grand Teton National Park, USA",
    "Hawaii (Big Island), USA",
    "Honolulu, USA",
    "Houston, USA",
    "Jackson Hole, USA",
    "Johnston Atoll, USA",
    "Joshua Tree National Park, USA",
    "Juneau, USA",
    "Kansas City, USA",
    "Kauai, USA",
    "Key West, USA",
    "Lake Tahoe, USA",
    "Las Vegas, USA",
    "Los Angeles, USA",
    "Mackinac Island, USA",
    "Martha's Vineyard, USA",
    "Maui, USA",
    "Memphis, USA",
    "Miami, USA",
    "Midway Atoll, USA",
    "Minneapolis, USA",
    "Mount Rainier National Park, USA",
    "Nantucket, USA",
    "Napa Valley, USA",
    "Nashville, USA",
    "New Orleans, USA",
    "New York City, USA",
    "Niagara Falls, Canada/USA",
    "Oahu, USA",
    "Olympic National Park, USA",
    "Orlando, USA",
    "Palm Springs, USA",
    "Palmyra Atoll, USA",
    "Philadelphia, USA",
    "Phoenix, USA",
    "Portland, USA",
    "Redwood National Park, USA",
    "Rocky Mountain National Park, USA",
    "Salt Lake City, USA",
    "San Antonio, USA",
    "San Diego, USA",
    "San Francisco, USA",
    "Santa Fe, USA",
    "Savannah, USA",
    "Seattle, USA",
    "Sonoma Valley, USA",
    "St. Louis, USA",
    "Telluride, USA",
    "Vail, USA",
    "Wake Island, USA",
    "Washington, D.C., USA",
    "Yellowstone National Park, USA",
    "Yosemite National Park, USA",
    "Zion National Park, USA",
    "Charlotte Amalie, U.S. Virgin Islands",
    "Colonia del Sacramento, Uruguay",
    "Montevideo, Uruguay",
    "Punta del Este, Uruguay",
    "Bukhara, Uzbekistan",
    "Khiva, Uzbekistan",
    "Samarkand, Uzbekistan",
    "Tashkent, Uzbekistan",
    "Espiritu Santo, Vanuatu",
    "Port Vila, Vanuatu",
    "Tanna, Vanuatu",
    "Vatican City, Vatican City",
    "Angel Falls, Venezuela",
    "Caracas, Venezuela",
    "Con Dao Islands, Vietnam",
    "Da Nang, Vietnam",
    "Ha Long Bay, Vietnam",
    "Hanoi, Vietnam",
    "Ho Chi Minh City, Vietnam",
    "Hoi An, Vietnam",
    "Hue, Vietnam",
    "Nha Trang, Vietnam",
    "Phu Quoc, Vietnam",
    "Sapa, Vietnam",
    "Mata-Utu, Wallis and Futuna",
    "Sana'a, Yemen",
    "Socotra, Yemen",
    "Lusaka, Zambia",
    "Victoria Falls, Zambia/Zimbabwe",
    "Harare, Zimbabwe"
  ]
}