{
  "destination_to_iata": {
    "Kabul, Afghanistan": "KBL",
    "Tirana, Albania": "TIA",
    "Algiers, Algeria": "ALG",
    "Pago Pago, American Samoa": "PPG",
    "Andorra la Vella, Andorra": "BCN",
    "Luanda, Angola": "LAD",
    "The Valley, Anguilla": "AXA",
    "Antarctica, Antarctica": "USH",
    "St. John's, Antigua and Barbuda": "ANU",
    "Bariloche, Argentina": "BRC",
    "Buenos Aires, Argentina": "EZE",
    "El Calafate, Argentina": "FTE",
    "Iguazu Falls, Brazil/Argentina": "IGR",
    "Mendoza, Argentina": "MDZ",
    "Patagonia, Argentina/Chile": "FTE",
    "Ushuaia, Argentina": "USH",
    "Yerevan, Armenia": "EVN",
    "Oranjestad, Aruba": "AUA",
    "Georgetown, Ascension Island": "ASI",
    "Adelaide, Australia": "ADL",
    "Ayers Rock, Australia": "AYQ",
    "Blue Mountains, Australia": "SYD",
    "Brisbane, Australia": "BNE",
    "Cairns, Australia": "CNS",
    "Daintree Rainforest, Australia": "CNS",
    "Darwin, Australia": "DRW",
    "Fraser Island, Australia": "HVB",
    "Gold Coast, Australia": "OOL",
    "Great Barrier Reef, Australia": "CNS",
    "Hobart, Australia": "HBA",
    "Kakadu National Park, Australia": "DRW",
    "Kangaroo Island, Australia": "KGC",
    "Lord Howe Island, Australia": "LDH",
    "Melbourne, Australia": "MEL",
    "Norfolk Island, Australia": "NLK",
    "Perth, Australia": "PER",
    "Sydney, Australia": "SYD",
    "The Kimberley, Australia": "BME",
    "The Whitsundays, Australia": "HTI",
    "Uluru, Australia": "AYQ",
    "Graz, Austria": "GRZ",
    "Hallstatt, Austria": "SZG",
    "Innsbruck, Austria": "INN",
    "Salzburg, Austria": "SZG",
    "Vienna, Austria": "VIE",
    "Baku, Azerbaijan": "GYD",
    "Nassau, Bahamas": "NAS",
    "Manama, Bahrain": "BAH",
    "Dhaka, Bangladesh": "DAC",
    "Bridgetown, Barbados": "BGI",
    "Minsk, Belarus": "MSQ",
    "Antwerp, Belgium": "ANR",
    "Bruges, Belgium": "BRU",
    "Brussels, Belgium": "BRU",
    "Ghent, Belgium": "BRU",
    "Ambergris Caye, Belize": "BZE",
    "Belize City, Belize": "BZE",
    "San Ignacio, Belize": "BZE",
    "Hamilton, Bermuda": "BDA",
    "St. George's, Bermuda": "BDA",
    "Thimphu, Bhutan": "PBH",
    "La Paz, Bolivia": "LPB",
    "Salar de Uyuni, Bolivia": "UYU",
    "Santa Cruz, Bolivia": "VVI",
    "Sucre, Bolivia": "SRE",
    "Mostar, Bosnia and Herzegovina": "OMO",
    "Sarajevo, Bosnia and Herzegovina": "SJJ",
    "Chobe National Park, Botswana": "BBK",
    "Gaborone, Botswana": "GBE",
    "Okavango Delta, Botswana": "MUB",
    "Brasília, Brazil": "BSB",
    "Fernando de Noronha, Brazil": "FEN",
    "Fortaleza, Brazil": "FOR",
    "Ilha Grande, Brazil": "GIG",
    "Manaus, Brazil": "MAO",
    "Recife, Brazil": "REC",
    "Rio de Janeiro, Brazil": "GIG",
    "Salvador, Brazil": "SSA",
    "São Paulo, Brazil": "GRU",
    "Road Town, British Virgin Islands": "EIS",
    "Bandar Seri Begawan, Brunei": "BWN",
    "Plovdiv, Bulgaria": "PDV",
    "Sofia, Bulgaria": "SOF",
    "Ouagadougou, Burkina Faso": "OUA",
    "Bujumbura, Burundi": "BJM",
    "Bagan, Myanmar": "NYU",
    "Mergui Archipelago, Myanmar": "MGZ",
    "Yangon, Myanmar": "RGN",
    "Bagan, Cambodia": "REP",
    "Koh Rong, Cambodia": "KOS",
    "Phnom Penh, Cambodia": "PNH",
    "Siem Reap, Cambodia": "REP",
    "Sihanoukville, Cambodia": "KOS",
    "Yaoundé, Cameroon": "NSI",
    "Banff National Park, Canada": "YYC",
    "Calgary, Canada": "YYC",
    "Cape Breton Island, Canada": "YQY",
    "Churchill, Canada": "YYQ",
    "Edmonton, Canada": "YEG",
    "Fogo Island, Canada": "YQX",
    "Gaspé Peninsula, Canada": "YGP",
    "Halifax, Canada": "YHZ",
    "Jasper National Park, Canada": "YEG",
    "Magdalen Islands, Canada": "YGR",
    "Montreal, Canada": "YUL",
    "Niagara Falls, Canada/USA": "BUF",
    "Ottawa, Canada": "YOW",
    "Prince Edward Island, Canada": "YYG",
    "Quebec City, Canada": "YQB",
    "St. John's, Canada": "YYT",
    "Tofino, Canada": "YAZ",
    "Toronto, Canada": "YYZ",
    "Vancouver, Canada": "YVR",
    "Victoria, Canada": "YYJ",
    "Whistler, Canada": "YVR",
    "Winnipeg, Canada": "YWG",
    "George Town, Cayman Islands": "GCM",
    "Bangui, Central African Republic": "BGF",
    "N'Djamena, Chad": "NDJ",
    "Atacama Desert, Chile": "CJC",
    "Chiloé Island, Chile": "PMC",
    "Easter Island, Chile": "IPC",
    "Santiago, Chile": "SCL",
    "Torres del Paine, Chile": "PUQ",
    "Beijing, China": "PEK",
    "Chengdu, China": "CTU",
    "Chongqing, China": "CKG",
    "Dalian, China": "DLC",
    "Guangzhou, China": "CAN",
    "Guilin, China": "KWL",
    "Hainan, China": "HAK",
    "Hangzhou, China": "HGH",
    "Harbin, China": "HRB",
    "Hong Kong, China": "HKG",
    "Lijiang, China": "LJG",
    "Macau, China": "MFM",
    "Nanjing, China": "NKG",
    "Qingdao, China": "TAO",
    "Shanghai, China": "PVG",
    "Shenzhen, China": "SZX",
    "Suzhou, China": "PVG",
    "Tianjin, China": "TSN",
    "Wuhan, China": "WUH",
    "Xi'an, China": "XIY",
    "Zhangjiajie, China": "DYG",
    "Bogotá, Colombia": "BOG",
    "Cartagena, Colombia": "CTG",
    "Medellín, Colombia": "MDE",
    "Rosario Islands, Colombia": "CTG",
    "San Andrés, Colombia": "ADZ",
    "Moroni, Comoros": "HAH",
    "Brazzaville, Republic of the Congo": "BZV",
    "Aitutaki, Cook Islands": "AIT",
    "Avarua, Cook Islands": "RAR",
    "Rarotonga, Cook Islands": "RAR",
    "La Fortuna, Costa Rica": "SJO",
    "Manuel Antonio, Costa Rica": "SJO",
    "Monteverde, Costa Rica": "SJO",
    "San José, Costa Rica": "SJO",
    "Abidjan, Côte d'Ivoire": "ABJ",
    "Dalmatian Islands, Croatia": "SPU",
    "Dubrovnik, Croatia": "DBV",
    "Hvar, Croatia": "SPU",
    "Plitvice Lakes, Croatia": "ZAG",
    "Split, Croatia": "SPU",
    "Zadar, Croatia": "ZAD",
    "Zagreb, Croatia": "ZAG",
    "Havana, Cuba": "HAV",
    "Trinidad, Cuba": "HAV",
    "Varadero, Cuba": "VRA",
    "Willemstad, Curaçao": "CUR",
    "Larnaca, Cyprus": "LCA",
    "Nicosia, Cyprus": "ECN",
    "Paphos, Cyprus": "PFO",
    "Prague, Czech Republic": "PRG",
    "Kinshasa, DR Congo": "FIH",
    "Virunga National Park, DR Congo": "GOM",
    "Aarhus, Denmark": "AAR",
    "Bornholm, Denmark": "RNN",
    "Copenhagen, Denmark": "CPH",
    "Faroe Islands, Denmark": "FAE",
    "Greenland, Denmark": "GOH",
    "Djibouti, Djibouti": "JIB",
    "Roseau, Dominica": "DOM",
    "Punta Cana, Dominican Republic": "PUJ",
    "Santo Domingo, Dominican Republic": "SDQ",
    "Baños, Ecuador": "UIO",
    "Galápagos Islands, Ecuador": "GPS",
    "Guayaquil, Ecuador": "GYE",
    "Quito, Ecuador": "UIO",
    "Santa Cruz, Galápagos": "GPS",
    "Abu Simbel, Egypt": "ABS",
    "Aswan, Egypt": "ASW",
    "Cairo, Egypt": "CAI",
    "Giza, Egypt": "CAI",
    "Luxor, Egypt": "LXR",
    "Siwa Oasis, Egypt": "CAI",
    "White Desert, Egypt": "CAI",
    "San Salvador, El Salvador": "SAL",
    "Bioko, Equatorial Guinea": "SSG",
    "Asmara, Eritrea": "ASM",
    "Saaremaa, Estonia": "URE",
    "Tallinn, Estonia": "TLL",
    "Addis Ababa, Ethiopia": "ADD",
    "Axum, Ethiopia": "AXU",
    "Gondar, Ethiopia": "GDQ",
    "Harar, Ethiopia": "DIR",
    "Lalibela, Ethiopia": "LLI",
    "Omo Valley, Ethiopia": "ADD",
    "Simien Mountains, Ethiopia": "GDQ",
    "Stanley, Falkland Islands": "MPN",
    "Tórshavn, Faroe Islands": "FAE",
    "Fiji, Fiji": "NAN",
    "Suva, Fiji": "SUV",
    "Åland Islands, Finland": "MHQ",
    "Helsinki, Finland": "HEL",
    "Rovaniemi, Finland": "RVN",
    "Bordeaux, France": "BOD",
    "Bora Bora, French Polynesia": "BOB",
    "Corsica, France": "AJA",
    "Lyon, France": "LYS",
    "Marigot, Saint Martin": "SXM",
    "Marseille, France": "MRS",
    "Monaco, Monaco": "NCE",
    "Nice, France": "NCE",
    "Papeete, French Polynesia": "PPT",
    "Paris, France": "CDG",
    "Saint Barthélemy, France": "SBH",
    "Strasbourg, France": "SXB",
    "Tahiti, French Polynesia": "PPT",
    "Cayenne, French Guiana": "CAY",
    "Libreville, Gabon": "LBV",
    "Tbilisi, Georgia": "TBS",
    "Berchtesgaden, Germany": "SZG",
    "Berlin, Germany": "BER",
    "Cologne, Germany": "CGN",
    "Düsseldorf, Germany": "DUS",
    "Frankfurt, Germany": "FRA",
    "Hamburg, Germany": "HAM",
    "Munich, Germany": "MUC",
    "Stuttgart, Germany": "STR",
    "Sylt, Germany": "GWT",
    "Accra, Ghana": "ACC",
    "Volta Region, Ghana": "ACC",
    "Gibraltar, Gibraltar": "GIB",
    "Athens, Greece": "ATH",
    "Corfu, Greece": "CFU",
    "Crete, Greece": "HER",
    "Cyclades, Greece": "JTR",
    "Dodecanese, Greece": "RHO",
    "Ionian Islands, Greece": "CFU",
    "Mykonos, Greece": "JMK",
    "Rhodes, Greece": "RHO",
    "Santorini, Greece": "JTR",
    "Saronic Islands, Greece": "ATH",
    "Sporades, Greece": "JSI",
    "Thessaloniki, Greece": "SKG",
    "Zakynthos, Greece": "ZTH",
    "Nuuk, Greenland": "GOH",
    "St. George's, Grenada": "GND",
    "Basse-Terre, Guadeloupe": "PTP",
    "Hagåtña, Guam": "GUM",
    "Antigua, Guatemala": "GUA",
    "Guatemala City, Guatemala": "GUA",
    "Tikal, Guatemala": "FRS",
    "Saint Peter Port, Guernsey": "GCI",
    "Georgetown, Guyana": "GEO",
    "Port-au-Prince, Haiti": "PAP",
    "Roatán, Honduras": "RTB",
    "Tegucigalpa, Honduras": "TGU",
    "Budapest, Hungary": "BUD",
    "Blue Lagoon, Iceland": "KEF",
    "Golden Circle, Iceland": "KEF",
    "Jökulsárlón, Iceland": "KEF",
    "Mývatn, Iceland": "AEY",
    "Reykjavik, Iceland": "KEF",
    "Agra, India": "AGR",
    "Amritsar, India": "ATQ",
    "Andaman and Nicobar Islands, India": "IXZ",
    "Bangalore, India": "BLR",
    "Chennai, India": "MAA",
    "Darjeeling, India": "IXB",
    "Goa, India": "GOI",
    "Hyderabad, India": "HYD",
    "Jaipur, India": "JAI",
    "Jodhpur, India": "JDH",
    "Kolkata, India": "CCU",
    "Lakshadweep, India": "AGX",
    "Mumbai, India": "BOM",
    "New Delhi, India": "DEL",
    "Shimla, India": "SLV",
    "Udaipur, India": "UDR",
    "Varanasi, India": "VNS",
    "Bali, Indonesia": "DPS",
    "Bandung, Indonesia": "BDO",
    "Bunaken, Indonesia": "MDC",
    "Derawan Islands, Indonesia": "BEJ",
    "Gili Islands, Indonesia": "LOP",
    "Jakarta, Indonesia": "CGK",
    "Komodo Island, Indonesia": "LBJ",
    "Lake Toba, Indonesia": "DTB",
    "Lombok, Indonesia": "LOP",
    "Mount Bromo, Indonesia": "SUB",
    "Raja Ampat, Indonesia": "SOQ",
    "Surabaya, Indonesia": "SUB",
    "Togean Islands, Indonesia": "GTO",
    "Wakatobi, Indonesia": "WNI",
    "Yogyakarta, Indonesia": "JOG",
    "Isfahan, Iran": "IFN",
    "Persepolis, Iran": "SYZ",
    "Shiraz, Iran": "SYZ",
    "Tehran, Iran": "IKA",
    "Yazd, Iran": "AZD",
    "Baghdad, Iraq": "BGW",
    "Erbil, Iraq": "EBL",
    "Aran Islands, Ireland": "GWY",
    "Cork, Ireland": "ORK",
    "Dublin, Ireland": "DUB",
    "Galway, Ireland": "GWY",
    "Douglas, Isle of Man": "IOM",
    "Dead Sea, Jordan/Israel": "AMM",
    "Jerusalem, Israel": "TLV",
    "Tel Aviv, Israel": "TLV",
    "Amalfi Coast, Italy": "NAP",
    "Aeolian Islands, Italy": "CTA",
    "Bologna, Italy": "BLQ",
    "Cinque Terre, Italy": "PSA",
    "Elba, Italy": "EBA",
    "Florence, Italy": "FLR",
    "Isle of Capri, Italy": "NAP",
    "Milan, Italy": "MXP",
    "Naples, Italy": "NAP",
    "Pisa, Italy": "PSA",
    "Rome, Italy": "FCO",
    "Sardinia, Italy": "CAG",
    "Sicily, Italy": "PMO",
    "Siena, Italy": "FLR",
    "Turin, Italy": "TRN",
    "Venice, Italy": "VCE",
    "Verona, Italy": "VRN",
    "Kingston, Jamaica": "KIN",
    "Montego Bay, Jamaica": "MBJ",
    "Chiba, Japan": "NRT",
    "Fukuoka, Japan": "FUK",
    "Hiroshima, Japan": "HIJ",
    "Kawasaki, Japan": "HND",
    "Kerama Islands, Japan": "OKA",
    "Kitakyushu, Japan": "KKJ",
    "Kobe, Japan": "UKB",
    "Kyoto, Japan": "KIX",
    "Nagoya, Japan": "NGO",
    "Nara, Japan": "KIX",
    "Ogasawara Islands, Japan": "HND",
    "Okinawa, Japan": "OKA",
    "Osaka, Japan": "KIX",
    "Saitama, Japan": "NRT",
    "Sapporo, Japan": "CTS",
    "Sendai, Japan": "SDJ",
    "Tokyo, Japan": "NRT",
    "Yaeyama Islands, Japan": "ISG",
    "Yokohama, Japan": "HND",
    "Saint Helier, Jersey": "JER",
    "Amman, Jordan": "AMM",
    "Petra, Jordan": "AQJ",
    "Wadi Rum, Jordan": "AQJ",
    "Almaty, Kazakhstan": "ALA",
    "Astana, Kazakhstan": "NQZ",
    "Lamu, Kenya": "LAU",
    "Masai Mara, Kenya": "NBO",
    "Nairobi, Kenya": "NBO",
    "Tarawa, Kiribati": "TRW",
    "Pristina, Kosovo": "PRN",
    "Kuwait City, Kuwait": "KWI",
    "Bishkek, Kyrgyzstan": "FRU",
    "Lake Issyk-Kul, Kyrgyzstan": "FRU",
    "Luang Prabang, Laos": "LPQ",
    "Vientiane, Laos": "VTE",
    "Riga, Latvia": "RIX",
    "Baalbek, Lebanon": "BEY",
    "Beirut, Lebanon": "BEY",
    "Byblos, Lebanon": "BEY",
    "Tripoli, Libya": "TIP",
    "Vaduz, Liechtenstein": "ZRH",
    "Vilnius, Lithuania": "VNO",
    "Luxembourg City, Luxembourg": "LUX",
    "Antananarivo, Madagascar": "TNR",
    "Île Sainte-Marie, Madagascar": "SMS",
    "Nosy Be, Madagascar": "NOS",
    "Lilongwe, Malawi": "LLW",
    "Cameron Highlands, Malaysia": "IPH",
    "Ipoh, Malaysia": "IPH",
    "Johor Bahru, Malaysia": "JHB",
    "Kota Kinabalu, Malaysia": "BKI",
    "Kuala Lumpur, Malaysia": "KUL",
    "Kuching, Malaysia": "KCH",
    "Langkawi, Malaysia": "LGK",
    "Malacca, Malaysia": "MKZ",
    "Penang, Malaysia": "PEN",
    "Perhentian Islands, Malaysia": "KBR",
    "Sipadan, Malaysia": "TWU",
    "Tioman Island, Malaysia": "TOD",
    "Malé, Maldives": "MLE",
    "Male, Maldives": "MLE",
    "Bamako, Mali": "BKO",
    "Djenné, Mali": "MZI",
    "Dogon Country, Mali": "MZI",
    "Timbuktu, Mali": "TOM",
    "Gozo, Malta": "MLA",
    "Valletta, Malta": "MLA",
    "Majuro, Marshall Islands": "MAJ",
    "Fort-de-France, Martinique": "FDF",
    "Nouakchott, Mauritania": "NKC",
    "Port Louis, Mauritius": "MRU",
    "Cabo San Lucas, Mexico": "SJD",
    "Cancun, Mexico": "CUN",
    "Chichen Itza, Mexico": "CUN",
    "Cozumel, Mexico": "CZM",
    "Guanajuato, Mexico": "BJX",
    "Holbox Island, Mexico": "CUN",
    "Isla Mujeres, Mexico": "CUN",
    "Mérida, Mexico": "MID",
    "Mexico City, Mexico": "MEX",
    "Oaxaca, Mexico": "OAX",
    "Playa del Carmen, Mexico": "CUN",
    "Puerto Vallarta, Mexico": "PVR",
    "San Miguel de Allende, Mexico": "BJX",
    "Tulum, Mexico": "TQO",
    "Palikir, Micronesia": "PNI",
    "Chisinau, Moldova": "KIV",
    "Gobi Desert, Mongolia": "ULN",
    "Terelj National Park, Mongolia": "ULN",
    "Ulaanbaatar, Mongolia": "UBN",
    "Kotor, Montenegro": "TIV",
    "Podgorica, Montenegro": "TGD",
    "Plymouth, Montserrat": "MNI",
    "Casablanca, Morocco": "CMN",
    "Fes, Morocco": "FEZ",
    "Marrakech, Morocco": "RAK",
    "Rabat, Morocco": "RBA",
    "Bazaruto Archipelago, Mozambique": "VNX",
    "Maputo, Mozambique": "MPM",
    "Quirimbas Archipelago, Mozambique": "POL",
    "Etosha National Park, Namibia": "WDH",
    "Fish River Canyon, Namibia": "WDH",
    "Sossusvlei, Namibia": "WDH",
    "Windhoek, Namibia": "WDH",
    "Nauru, Nauru": "INU",
    "Chitwan National Park, Nepal": "BWA",
    "Kathmandu, Nepal": "KTM",
    "Pokhara, Nepal": "PKR",
    "Amsterdam, Netherlands": "AMS",
    "Frisian Islands, Netherlands": "AMS",
    "Rotterdam, Netherlands": "RTM",
    "Texel, Netherlands": "AMS",
    "The Hague, Netherlands": "RTM",
    "Nouméa, New Caledonia": "NOU",
    "Abel Tasman National Park, New Zealand": "NSN",
    "Auckland, New Zealand": "AKL",
    "Bay of Islands, New Zealand": "KKE",
    "Christchurch, New Zealand": "CHC",
    "Franz Josef Glacier, New Zealand": "HKK",
    "Lake Tekapo, New Zealand": "CHC",
    "Milford Sound, New Zealand": "ZQN",
    "Queenstown, New Zealand": "ZQN",
    "Rotorua, New Zealand": "ROT",
    "Wellington, New Zealand": "WLG",
    "Corn Islands, Nicaragua": "RNI",
    "Granada, Nicaragua": "MGA",
    "Managua, Nicaragua": "MGA",
    "Niamey, Niger": "NIM",
    "Lagos, Nigeria": "LOS",
    "Alofi, Niue": "IUE",
    "Pyongyang, North Korea": "FNJ",
    "Ohrid, North Macedonia": "OHD",
    "Skopje, North Macedonia": "SKP",
    "Saipan, Northern Mariana Islands": "SPN",
    "Bergen, Norway": "BGO",
    "Lofoten Islands, Norway": "SVJ",
    "Northern Lights, Multiple": "TOS",
    "Oslo, Norway": "OSL",
    "Svalbard, Norway": "LYR",
    "Tromsø, Norway": "TOS",
    "Tromso, Norway": "TOS",
    "Muscat, Oman": "MCT",
    "Islamabad, Pakistan": "ISB",
    "Karachi, Pakistan": "KHI",
    "Lahore, Pakistan": "LHE",
    "Koror, Palau": "ROR",
    "Bocas del Toro, Panama": "BOC",
    "Panama City, Panama": "PTY",
    "San Blas Islands, Panama": "PTY",
    "Port Moresby, Papua New Guinea": "POM",
    "Asunción, Paraguay": "ASU",
    "Arequipa, Peru": "AQP",
    "Cusco, Peru": "CUZ",
    "Lima, Peru": "LIM",
    "Machu Picchu, Peru": "CUZ",
    "Máncora, Peru": "TYL",
    "Banaue, Philippines": "MNL",
    "Boracay, Philippines": "MPH",
    "Cebu, Philippines": "CEB",
    "Coron, Philippines": "USU",
    "El Nido, Philippines": "ENI",
    "Manila, Philippines": "MNL",
    "Palawan, Philippines": "PPS",
    "Siargao, Philippines": "IAO",
    "Surigao City, Philippines": "SUG",
    "Vigan, Philippines": "LAO",
    "Adamstown, Pitcairn Islands": "PPT",
    "Gdansk, Poland": "GDN",
    "Krakow, Poland": "KRK",
    "Warsaw, Poland": "WAW",
    "Wrocław, Poland": "WRO",
    "Algarve, Portugal": "FAO",
    "Azores, Portugal": "PDL",
    "Funchal, Portugal": "FNC",
    "Lisbon, Portugal": "LIS",
    "Madeira, Portugal": "FNC",
    "Ponta Delgada, Azores": "PDL",
    "Portimão, Portugal": "FAO",
    "Porto, Portugal": "OPO",
    "Sintra, Portugal": "LIS",
    "San Juan, Puerto Rico": "SJU",
    "Doha, Qatar": "DOH",
    "Saint-Denis, Réunion": "RUN",
    "Brasov, Romania": "OTP",
    "Bucharest, Romania": "OTP",
    "Irkutsk, Russia": "IKT",
    "Kamchatka Peninsula, Russia": "PKC",
    "Kazan, Russia": "KZN",
    "Lake Baikal, Russia": "IKT",
    "Moscow, Russia": "SVO",
    "Murmansk, Russia": "MMK",
    "Nizhny Novgorod, Russia": "GOJ",
    "Novosibirsk, Russia": "OVB",
    "Samara, Russia": "KUF",
    "Sochi, Russia": "AER",
    "St. Petersburg, Russia": "LED",
    "Trans-Siberian Railway, Russia": "SVO",
    "Ulan-Ude, Russia": "UUD",
    "Vladivostok, Russia": "VVO",
    "Volgograd, Russia": "VOG",
    "Yekaterinburg, Russia": "SVX",
    "Kigali, Rwanda": "KGL",
    "Apia, Samoa": "APW",
    "Savai'i, Samoa": "APW",
    "San Marino, San Marino": "RMI",
    "Príncipe, São Tomé and Príncipe": "PCP",
    "Jeddah, Saudi Arabia": "JED",
    "Mecca, Saudi Arabia": "JED",
    "Medina, Saudi Arabia": "MED",
    "Riyadh, Saudi Arabia": "RUH",
    "Dakar, Senegal": "DSS",
    "Gorée Island, Senegal": "DSS",
    "Belgrade, Serbia": "BEG",
    "Victoria, Seychelles": "SEZ",
    "Singapore, Singapore": "SIN",
    "Bratislava, Slovakia": "BTS",
    "Bled, Slovenia": "LJU",
    "Ljubljana, Slovenia": "LJU",
    "Guadalcanal, Solomon Islands": "HIR",
    "Honiara, Solomon Islands": "HIR",
    "Cape Town, South Africa": "CPT",
    "Cape Winelands, South Africa": "CPT",
    "Drakensberg, South Africa": "DUR",
    "Garden Route, South Africa": "GRJ",
    "Johannesburg, South Africa": "JNB",
    "Kruger National Park, South Africa": "MQP",
    "Robben Island, South Africa": "CPT",
    "Grytviken, South Georgia": "MPN",
    "Busan, South Korea": "PUS",
    "Daegu, South Korea": "TAE",
    "Daejeon, South Korea": "ICN",
    "Gwangju, South Korea": "KWJ",
    "Incheon, South Korea": "ICN",
    "Jeju, South Korea": "CJU",
    "Jeju Island, South Korea": "CJU",
    "Seoul, South Korea": "ICN",
    "Ulsan, South Korea": "USN",
    "Balearic Islands, Spain": "PMI",
    "Barcelona, Spain": "BCN",
    "Bilbao, Spain": "BIO",
    "Canary Islands, Spain": "TFS",
    "Fuerteventura, Spain": "FUE",
    "Gran Canaria, Spain": "LPA",
    "Granada, Spain": "GRX",
    "Ibiza, Spain": "IBZ",
    "Lanzarote, Spain": "ACE",
    "Madrid, Spain": "MAD",
    "Majorca, Spain": "PMI",
    "Málaga, Spain": "AGP",
    "Palma de Mallorca, Spain": "PMI",
    "Seville, Spain": "SVQ",
    "Tenerife, Spain": "TFS",
    "Valencia, Spain": "VLC",
    "Zaragoza, Spain": "ZAZ",
    "Anuradhapura, Sri Lanka": "CMB",
    "Colombo, Sri Lanka": "CMB",
    "Galle, Sri Lanka": "CMB",
    "Kandy, Sri Lanka": "CMB",
    "Jamestown, Saint Helena": "HLE",
    "Basseterre, Saint Kitts and Nevis": "SKB",
    "Castries, Saint Lucia": "UVF",
    "Kingstown, Saint Vincent and the Grenadines": "SVD",
    "Khartoum, Sudan": "KRT",
    "Paramaribo, Suriname": "PBM",
    "Longyearbyen, Svalbard": "LYR",
    "Gothenburg, Sweden": "GOT",
    "Gotland, Sweden": "VBY",
    "Malmö, Sweden": "MMX",
    "Stockholm, Sweden": "ARN",
    "Bern, Switzerland": "BRN",
    "Geneva, Switzerland": "GVA",
    "Interlaken, Switzerland": "ZRH",
    "Lucerne, Switzerland": "ZRH",
    "Zermatt, Switzerland": "GVA",
    "Zurich, Switzerland": "ZRH",
    "Aleppo, Syria": "ALP",
    "Damascus, Syria": "DAM",
    "Palmyra, Syria": "DAM",
    "Kaohsiung, Taiwan": "KHH",
    "Taichung, Taiwan": "RMQ",
    "Tainan, Taiwan": "TNN",
    "Taipei, Taiwan": "TPE",
    "Dushanbe, Tajikistan": "DYU",
    "Pamir Highway, Tajikistan": "DYU",
    "Dar es Salaam, Tanzania": "DAR",
    "Mafia Island, Tanzania": "MFA",
    "Mount Kilimanjaro, Tanzania": "JRO",
    "Ngorongoro Crater, Tanzania": "JRO",
    "Pemba Island, Tanzania": "PMA",
    "Serengeti, Tanzania": "JRO",
    "Zanzibar, Tanzania": "ZNZ",
    "Ayutthaya, Thailand": "BKK",
    "Bangkok, Thailand": "BKK",
    "Chiang Mai, Thailand": "CNX",
    "Chiang Rai, Thailand": "CEI",
    "Koh Samui, Thailand": "USM",
    "Krabi, Thailand": "KBV",
    "Pattaya, Thailand": "UTP",
    "Phuket, Thailand": "HKT",
    "Similan Islands, Thailand": "HKT",
    "Lhasa, Tibet": "LXA",
    "Dili, Timor-Leste": "DIL",
    "Fakaofo, Tokelau": "APW",
    "Ha'apai, Tonga": "HPA",
    "Nuku'alofa, Tonga": "TBU",
    "Vava'u, Tonga": "VAV",
    "Port of Spain, Trinidad and Tobago": "POS",
    "Edinburgh of the Seven Seas, Tristan da Cunha": "CPT",
    "Tunis, Tunisia": "TUN",
    "Antalya, Turkey": "AYT",
    "Bodrum, Turkey": "BJV",
    "Cappadocia, Turkey": "ASR",
    "Istanbul, Turkey": "IST",
    "İzmir, Turkey": "ADB",
    "Ashgabat, Turkmenistan": "ASB",
    "Cockburn Town, Turks and Caicos Islands": "PLS",
    "Funafuti, Tuvalu": "FUN",
    "Abu Dhabi, UAE": "AUH",
    "Dubai, UAE": "DXB",
    "Bwindi Impenetrable Forest, Uganda": "EBB",
    "Kampala, Uganda": "EBB",
    "Murchison Falls, Uganda": "EBB",
    "Queen Elizabeth National Park, Uganda": "EBB",
    "Kiev, Ukraine": "KBP",
    "Lviv, Ukraine": "LWO",
    "Belfast, United Kingdom": "BFS",
    "Bristol, United Kingdom": "BRS",
    "Cardiff, United Kingdom": "CWL",
    "Channel Islands, United Kingdom": "JER",
    "Edinburgh, United Kingdom": "EDI",
    "Glasgow, United Kingdom": "GLA",
    "Hebrides, United Kingdom": "SYY",
    "Isle of Skye, United Kingdom": "INV",
    "Isle of Wight, United Kingdom": "SOU",
    "Liverpool, United Kingdom": "LPL",
    "London, United Kingdom": "LHR",
    "Manchester, United Kingdom": "MAN",
    "Orkney Islands, United Kingdom": "KOI",
    "Shetland Islands, United Kingdom": "LSI",
    "Anchorage, USA": "ANC",
    "Arches National Park, USA": "CNY",
    "Aspen, USA": "ASE",
    "Atlanta, USA": "ATL",
    "Austin, USA": "AUS",
    "Big Sur, USA": "SJC",
    "Boston, USA": "BOS",
    "Bryce Canyon National Park, USA": "LAS",
    "Charleston, USA": "CHS",
    "Chicago, USA": "ORD",
    "Dallas, USA": "DFW",
    "Death Valley National Park, USA": "LAS",
    "Denali National Park, USA": "FAI",
    "Denver, USA": "DEN",
    "Detroit, USA": "DTW",
    "Everglades National Park, USA": "MIA",
    "Fairbanks, USA": "FAI",
    "Glacier National Park, USA": "FCA",
    "Grand Canyon, USA": "GCN",
    "Grand Teton National Park, USA": "JAC",
    "Hawaii (Big Island), USA": "KOA",
    "Honolulu, USA": "HNL",
    "Houston, USA": "IAH",
    "Jackson Hole, USA": "JAC",
    "Johnston Atoll, USA": "HNL",
    "Joshua Tree National Park, USA": "PSP",
    "Juneau, USA": "JNU",
    "Kansas City, USA": "MCI",
    "Kauai, USA": "LIH",
    "Key West, USA": "EYW",
    "Lake Tahoe, USA": "RNO",
    "Las Vegas, USA": "LAS",
    "Los Angeles, USA": "LAX",
    "Mackinac Island, USA": "PLN",
    "Martha's Vineyard, USA": "MVY",
    "Maui, USA": "OGG",
    "Memphis, USA": "MEM",
    "Miami, USA": "MIA",
    "Midway Atoll, USA": "MDY",
    "Minneapolis, USA": "MSP",
    "Mount Rainier National Park, USA": "SEA",
    "Nantucket, USA": "ACK",
    "Napa Valley, USA": "SFO",
    "Nashville, USA": "BNA",
    "New Orleans, USA": "MSY",
    "New York City, USA": "JFK",
    "Oahu, USA": "HNL",
    "Olympic National Park, USA": "SEA",
    "Orlando, USA": "MCO",
    "Palm Springs, USA": "PSP",
    "Palmyra Atoll, USA": "HNL",
    "Philadelphia, USA": "PHL",
    "Phoenix, USA": "PHX",
    "Portland, USA": "PDX",
    "Redwood National Park, USA": "ACV",
    "Rocky Mountain National Park, USA": "DEN",
    "Salt Lake City, USA": "SLC",
    "San Antonio, USA": "SAT",
    "San Diego, USA": "SAN",
    "San Francisco, USA": "SFO",
    "Santa Fe, USA": "SAF",
    "Savannah, USA": "SAV",
    "Seattle, USA": "SEA",
    "Sonoma Valley, USA": "STS",
    "St. Louis, USA": "STL",
    "Telluride, USA": "TEX",
    "Vail, USA": "EGE",
    "Wake Island, USA": "AWK",
    "Washington, D.C., USA": "IAD",
    "Yellowstone National Park, USA": "JAC",
    "Yosemite National Park, USA": "FAT",
    "Zion National Park, USA": "LAS",
    "Charlotte Amalie, U.S. Virgin Islands": "STT",
    "Colonia del Sacramento, Uruguay": "MVD",
    "Montevideo, Uruguay": "MVD",
    "Punta del Este, Uruguay": "PDP",
    "Bukhara, Uzbekistan": "BHK",
    "Khiva, Uzbekistan": "UGC",
    "Samarkand, Uzbekistan": "SKD",
    "Tashkent, Uzbekistan": "TAS",
    "Espiritu Santo, Vanuatu": "SON",
    "Port Vila, Vanuatu": "VLI",
    "Tanna, Vanuatu": "TAH",
    "Vatican City, Vatican City": "FCO",
    "Angel Falls, Venezuela": "CBL",
    "Caracas, Venezuela": "CCS",
    "Con Dao Islands, Vietnam": "VCS",
    "Da Nang, Vietnam": "DAD",
    "Ha Long Bay, Vietnam": "HPH",
    "Hanoi, Vietnam": "HAN",
    "Ho Chi Minh City, Vietnam": "SGN",
    "Hoi An, Vietnam": "DAD",
    "Hue, Vietnam": "HUI",
    "Nha Trang, Vietnam": "CXR",
    "Phu Quoc, Vietnam": "PQC",
    "Sapa, Vietnam": "HAN",
    "Mata-Utu, Wallis and Futuna": "WLS",
    "Sana'a, Yemen": "SAH",
    "Socotra, Yemen": "SCT",
    "Lusaka, Zambia": "LUN",
    "Victoria Falls, Zambia/Zimbabwe": "VFA",
    "Harare, Zimbabwe": "HRE",
    "Afghanistan": "KBL",
    "Albania": "TIA",
    "Algeria": "ALG",
    "American Samoa": "PPG",
    "Andorra": "BCN",
    "Angola": "LAD",
    "Anguilla": "AXA",
    "Antigua and Barbuda": "ANU",
    "Argentina": "EZE",
    "Armenia": "EVN",
    "Aruba": "AUA",
    "Ascension Island": "ASI",
    "Australia": "SYD",
    "Austria": "VIE",
    "Azerbaijan": "GYD",
    "Bahamas": "NAS",
    "Bahrain": "BAH",
    "Bangladesh": "DAC",
    "Barbados": "BGI",
    "Belarus": "MSQ",
    "Belgium": "BRU",
    "Belize": "BZE",
    "Bermuda": "BDA",
    "Bhutan": "PBH",
    "Bolivia": "LPB",
    "Bosnia and Herzegovina": "SJJ",
    "Botswana": "GBE",
    "Brazil": "GRU",
    "British Virgin Islands": "EIS",
    "Brunei": "BWN",
    "Bulgaria": "SOF",
    "Burkina Faso": "OUA",
    "Burundi": "BJM",
    "Cambodia": "PNH",
    "Cameroon": "NSI",
    "Canada": "YYZ",
    "Cayman Islands": "GCM",
    "Central African Republic": "BGF",
    "Chad": "NDJ",
    "Chile": "SCL",
    "China": "PEK",
    "Colombia": "BOG",
    "Comoros": "HAH",
    "Cook Islands": "RAR",
    "Costa Rica": "SJO",
    "Croatia": "ZAG",
    "Cuba": "HAV",
    "Curaçao": "CUR",
    "Cyprus": "LCA",
    "Czech Republic": "PRG",
    "DR Congo": "FIH",
    "Denmark": "CPH",
    "Djibouti": "JIB",
    "Dominica": "DOM",
    "Dominican Republic": "PUJ",
    "Ecuador": "UIO",
    "Egypt": "CAI",
    "El Salvador": "SAL",
    "Equatorial Guinea": "SSG",
    "Eritrea": "ASM",
    "Estonia": "TLL",
    "Ethiopia": "ADD",
    "Falkland Islands": "MPN",
    "Fiji": "NAN",
    "Finland": "HEL",
    "France": "CDG",
    "French Guiana": "CAY",
    "French Polynesia": "PPT",
    "Gabon": "LBV",
    "Georgia": "TBS",
    "Germany": "FRA",
    "Ghana": "ACC",
    "Gibraltar": "GIB",
    "Greece": "ATH",
    "Greenland": "GOH",
    "Grenada": "GND",
    "Guadeloupe": "PTP",
    "Guam": "GUM",
    "Guatemala": "GUA",
    "Guernsey": "GCI",
    "Guyana": "GEO",
    "Haiti": "PAP",
    "Honduras": "TGU",
    "Hungary": "BUD",
    "Iceland": "KEF",
    "India": "DEL",
    "Indonesia": "CGK",
    "Iran": "IKA",
    "Iraq": "BGW",
    "Ireland": "DUB",
    "Isle of Man": "IOM",
    "Israel": "TLV",
    "Italy": "FCO",
    "Jamaica": "KIN",
    "Japan": "NRT",
    "Jersey": "JER",
    "Jordan": "AMM",
    "Kazakhstan": "ALA",
    "Kenya": "NBO",
    "Kiribati": "TRW",
    "Kosovo": "PRN",
    "Kuwait": "KWI",
    "Kyrgyzstan": "FRU",
    "Laos": "VTE",
    "Latvia": "RIX",
    "Lebanon": "BEY",
    "Libya": "TIP",
    "Liechtenstein": "ZRH",
    "Lithuania": "VNO",
    "Luxembourg": "LUX",
    "Madagascar": "TNR",
    "Malawi": "LLW",
    "Malaysia": "KUL",
    "Maldives": "MLE",
    "Mali": "BKO",
    "Malta": "MLA",
    "Marshall Islands": "MAJ",
    "Martinique": "FDF",
    "Mauritania": "NKC",
    "Mauritius": "MRU",
    "Mexico": "MEX",
    "Micronesia": "PNI",
    "Moldova": "KIV",
    "Monaco": "NCE",
    "Mongolia": "UBN",
    "Montenegro": "TGD",
    "Montserrat": "MNI",
    "Morocco": "RAK",
    "Mozambique": "MPM",
    "Myanmar": "RGN",
    "Namibia": "WDH",
    "Nauru": "INU",
    "Nepal": "KTM",
    "Netherlands": "AMS",
    "New Caledonia": "NOU",
    "New Zealand": "AKL",
    "Nicaragua": "MGA",
    "Niger": "NIM",
    "Nigeria": "LOS",
    "Niue": "IUE",
    "North Korea": "FNJ",
    "North Macedonia": "SKP",
    "Northern Mariana Islands": "SPN",
    "Norway": "OSL",
    "Oman": "MCT",
    "Pakistan": "ISB",
    "Palau": "ROR",
    "Panama": "PTY",
    "Papua New Guinea": "POM",
    "Paraguay": "ASU",
    "Peru": "LIM",
    "Philippines": "MNL",
    "Pitcairn Islands": "PPT",
    "Poland": "WAW",
    "Portugal": "LIS",
    "Puerto Rico": "SJU",
    "Qatar": "DOH",
    "Republic of the Congo": "BZV",
    "Réunion": "RUN",
    "Romania": "OTP",
    "Russia": "SVO",
    "Rwanda": "KGL",
    "Saint Helena": "HLE",
    "Saint Kitts and Nevis": "SKB",
    "Saint Lucia": "UVF",
    "Saint Martin": "SXM",
    "Saint Vincent and the Grenadines": "SVD",
    "Samoa": "APW",
    "San Marino": "RMI",
    "São Tomé and Príncipe": "TMS",
    "Saudi Arabia": "RUH",
    "Senegal": "DSS",
    "Serbia": "BEG",
    "Seychelles": "SEZ",
    "Singapore": "SIN",
    "Slovakia": "BTS",
    "Slovenia": "LJU",
    "Solomon Islands": "HIR",
    "South Africa": "JNB",
    "South Georgia": "MPN",
    "South Korea": "ICN",
    "Spain": "MAD",
    "Sri Lanka": "CMB",
    "Sudan": "KRT",
    "Suriname": "PBM",
    "Sweden": "ARN",
    "Switzerland": "ZRH",
    "Syria": "DAM",
    "Taiwan": "TPE",
    "Tajikistan": "DYU",
    "Tanzania": "DAR",
    "Thailand": "BKK",
    "Tibet": "LXA",
    "Timor-Leste": "DIL",
    "Tokelau": "APW",
    "Tonga": "TBU",
    "Trinidad and Tobago": "POS",
    "Tristan da Cunha": "CPT",
    "Tunisia": "TUN",
    "Turkey": "IST",
    "Turkmenistan": "ASB",
    "Turks and Caicos Islands": "PLS",
    "Tuvalu": "FUN",
    "UAE": "DXB",
    "USA": "JFK",
    "U.S. Virgin Islands": "STT",
    "Uganda": "EBB",
    "Ukraine": "KBP",
    "United Kingdom": "LHR",
    "Uruguay": "MVD",
    "Uzbekistan": "TAS",
    "Vanuatu": "VLI",
    "Vatican City": "FCO",
    "Venezuela": "CCS",
    "Vietnam": "SGN",
    "Wallis and Futuna": "WLS",
    "Yemen": "SAH",
    "Zambia": "LUN",
    "Zambia/Zimbabwe": "VFA",
    "Zimbabwe": "HRE"
  }
}